delivery_id,route_id,customer_id,customer_name,product_ids,quantity,priority,scheduled_time,current_status,delay_minutes,delivery_window_start,delivery_window_end,sla_breach
D3001,R201,C201,MegaManufacturing Co,"P001,P003,P005",450,CRITICAL,2025-10-27 09:00:00,DELAYED,65,2025-10-27 08:00:00,2025-10-27 10:00:00,TRUE
D3002,R202,C202,TechAssembly Inc,"P002,P004",125,HIGH,2025-10-27 09:30:00,DELAYED,45,2025-10-27 09:00:00,2025-10-27 11:00:00,FALSE
D3003,R203,C203,AutoParts Distribution,"P006,P007,P009",680,CRITICAL,2025-10-27 10:00:00,AT_RISK,30,2025-10-27 09:30:00,2025-10-27 11:30:00,FALSE
D3004,R204,C204,Electronics Hub,"P004,P009,P010",340,HIGH,2025-10-27 10:30:00,ON_TIME,0,2025-10-27 10:00:00,2025-10-27 12:00:00,FALSE
D3005,R205,C205,Industrial Supplies Ltd,P008,95,MEDIUM,2025-10-27 11:00:00,ON_TIME,0,2025-10-27 10:30:00,2025-10-27 12:30:00,FALSE
D3006,R206,C206,BuildRight Construction,"P003,P008",280,LOW,2025-10-27 11:30:00,ON_TIME,0,2025-10-27 11:00:00,2025-10-27 13:00:00,FALSE
D3007,R207,C207,SmartHome Systems,"P004,P009",215,CRITICAL,2025-10-27 09:00:00,DELAYED,75,2025-10-27 08:30:00,2025-10-27 10:00:00,TRUE
D3008,R208,C208,PackagePro Logistics,P001,180,HIGH,2025-10-27 09:45:00,DELAYED,50,2025-10-27 09:00:00,2025-10-27 11:00:00,FALSE

