po_id,supplier_id,product_id,quantity,order_date,expected_delivery,actual_status,order_value,payment_status,urgency
PO1001,S001,P001,200,2025-10-20,2025-10-27,DELAYED,9100.00,PAID,HIGH
PO1002,S003,P002,50,2025-10-22,2025-10-27,REJECTED_QUALITY,16000.00,HELD,CRITICAL
PO1003,S005,P004,100,2025-10-19,2025-10-27,DELAYED,12500.00,PAID,HIGH
PO1004,S008,P007,200,2025-10-17,2025-10-29,AT_RISK,1750.00,PAID,MEDIUM
PO1005,S009,P009,150,2025-10-20,2025-10-27,DELAYED,2775.00,PAID,HIGH
PO1006,S006,P005,400,2025-10-21,2025-10-27,ON_TRACK,5000.00,PAID,LOW
PO1007,S007,P006,1000,2025-10-23,2025-10-27,ON_TRACK,850.00,PAID,MEDIUM
PO1008,S010,P008,80,2025-10-23,2025-11-07,ON_TRACK,7600.00,PAID,LOW

